ID,Branches,Types,Texts,Prompt
0,"1,2,3,4,5,6,7,8,9,10,11,12,13,14,15","yelo, purbl, can, can, purbl, yelo, yelo, purbl, can, yelo, purbl, purbl, yelo, can, can","Option 1, Option 2, Option 3, Option 4, Option 5, Option 6, Option 7, Option 8, Option 9, Option 10, Option 11, Option 12, Option 13, Option 14, Option 15",Test 0
3,"16,16,16,16,16,16,16,16,16,16,16,16,16,16,16","yelo, purbl, can, yelo, purbl, can, yelo, purbl, can, yelo, purbl, can, yelo, purbl, can","Option 1, Option 2, Option 3, Option 4, Option 5, Option 6, Option 7, Option 8, Option 9, Option 10, Option 11, Option 12, Option 13, Option 14, Option 15",Test 3
2,"16,16,16,16,16,16,16,16,16,16,16,16,16,16,16","yelo, purbl, can, yelo, purbl, can, yelo, purbl, can, yelo, purbl, can, yelo, purbl, can","Option 1, Option 2, Option 3, Option 4, Option 5, Option 6, Option 7, Option 8, Option 9, Option 10, Option 11, Option 12, Option 13, Option 14, Option 15",Test 2
1,"16,16,16,16,16,16,16,16,16,16,16,16,16,16,16","yelo, purbl, can, yelo, purbl, can, yelo, purbl, can, yelo, purbl, can, yelo, purbl, can","Option 1, Option 2, Option 3, Option 4, Option 5, Option 6, Option 7, Option 8, Option 9, Option 10, Option 11, Option 12, Option 13, Option 14, Option 15",Test 1
4,"16,16,16,16,16,16,16,16,16,16,16,16,16,16,16","yelo, purbl, can, yelo, purbl, can, yelo, purbl, can, yelo, purbl, can, yelo, purbl, can","Option 1, Option 2, Option 3, Option 4, Option 5, Option 6, Option 7, Option 8, Option 9, Option 10, Option 11, Option 12, Option 13, Option 14, Option 15",Test 4
5,"16,16,16,16,16,16,16,16,16,16,16,16,16,16,16","yelo, purbl, can, yelo, purbl, can, yelo, purbl, can, yelo, purbl, can, yelo, purbl, can","Option 1, Option 2, Option 3, Option 4, Option 5, Option 6, Option 7, Option 8, Option 9, Option 10, Option 11, Option 12, Option 13, Option 14, Option 15",Test 5
6,"16,16,16,16,16,16,16,16,16,16,16,16,16,16,16","yelo, purbl, can, yelo, purbl, can, yelo, purbl, can, yelo, purbl, can, yelo, purbl, can","Option 1, Option 2, Option 3, Option 4, Option 5, Option 6, Option 7, Option 8, Option 9, Option 10, Option 11, Option 12, Option 13, Option 14, Option 15",Test 6
7,"16,16,16,16,16,16,16,16,16,16,16,16,16,16,16","yelo, purbl, can, yelo, purbl, can, yelo, purbl, can, yelo, purbl, can, yelo, purbl, can","Option 1, Option 2, Option 3, Option 4, Option 5, Option 6, Option 7, Option 8, Option 9, Option 10, Option 11, Option 12, Option 13, Option 14, Option 15",Test 7
8,"16,16,16,16,16,16,16,16,16,16,16,16,16,16,16","yelo, purbl, can, yelo, purbl, can, yelo, purbl, can, yelo, purbl, can, yelo, purbl, can","Option 1, Option 2, Option 3, Option 4, Option 5, Option 6, Option 7, Option 8, Option 9, Option 10, Option 11, Option 12, Option 13, Option 14, Option 15",Test 8
9,"16,16,16,16,16,16,16,16,16,16,16,16,16,16,16","yelo, purbl, can, yelo, purbl, can, yelo, purbl, can, yelo, purbl, can, yelo, purbl, can","Option 1, Option 2, Option 3, Option 4, Option 5, Option 6, Option 7, Option 8, Option 9, Option 10, Option 11, Option 12, Option 13, Option 14, Option 15",Test 9
10,"16,16,16,16,16,16,16,16,16,16,16,16,16,16,16","yelo, purbl, can, yelo, purbl, can, yelo, purbl, can, yelo, purbl, can, yelo, purbl, can","Option 1, Option 2, Option 3, Option 4, Option 5, Option 6, Option 7, Option 8, Option 9, Option 10, Option 11, Option 12, Option 13, Option 14, Option 15",Test 10
11,"16,16,16,16,16,16,16,16,16,16,16,16,16,16,16","yelo, purbl, can, yelo, purbl, can, yelo, purbl, can, yelo, purbl, can, yelo, purbl, can","Option 1, Option 2, Option 3, Option 4, Option 5, Option 6, Option 7, Option 8, Option 9, Option 10, Option 11, Option 12, Option 13, Option 14, Option 15",Test 11
12,"16,16,16,16,16,16,16,16,16,16,16,16,16,16,16","yelo, purbl, can, yelo, purbl, can, yelo, purbl, can, yelo, purbl, can, yelo, purbl, can","Option 1, Option 2, Option 3, Option 4, Option 5, Option 6, Option 7, Option 8, Option 9, Option 10, Option 11, Option 12, Option 13, Option 14, Option 15",Test 12
13,"16,16,16,16,16,16,16,16,16,16,16,16,16,16,16","yelo, purbl, can, yelo, purbl, can, yelo, purbl, can, yelo, purbl, can, yelo, purbl, can","Option 1, Option 2, Option 3, Option 4, Option 5, Option 6, Option 7, Option 8, Option 9, Option 10, Option 11, Option 12, Option 13, Option 14, Option 15",Test 13
14,"16,16,16,16,16,16,16,16,16,16,16,16,16,16,16","yelo, purbl, can, yelo, purbl, can, yelo, purbl, can, yelo, purbl, can, yelo, purbl, can","Option 1, Option 2, Option 3, Option 4, Option 5, Option 6, Option 7, Option 8, Option 9, Option 10, Option 11, Option 12, Option 13, Option 14, Option 15",Test 14
15,"16,16,16,16,16,16,16,16,16,16,16,16,16,16,16","yelo, purbl, can, yelo, purbl, can, yelo, purbl, can, yelo, purbl, can, yelo, purbl, can","Option 1, Option 2, Option 3, Option 4, Option 5, Option 6, Option 7, Option 8, Option 9, Option 10, Option 11, Option 12, Option 13, Option 14, Option 15",Test 15
16,,,,Test 16
